doc_id,original_doc_ids,domain,content,company_name,court_name,hospital_patient_name
400128,[128],Law,"In a ruling that underscores the gravity of traffic violations, the Lakewood, Mayfield, Court has concluded its proceedings in the case against X. Alvarez, a Mayfield resident charged with a serious traffic accident offense. On the 5th of June, 2023, the court issued a judgment finding Alvarez guilty under Article 133 of the penal code, after he was involved in a collision that resulted in severe injuries to a family. 

The incident, which took place on the 3rd of April, 2023, involved Alvarez running a red light and crashing into a family sedan at the intersection of Elm Street and Maple Avenue. The occupants, including a child, sustained significant injuries, necessitating urgent medical care. Alvarez compounded his actions by attempting to flee the scene, an act captured by traffic cameras and corroborated by eyewitnesses. 

Presided over by Chief Judge O. Edwards, the court proceedings meticulously examined the evidence, including traffic camera footage, witness testimonies, and Alvarez's own admission of guilt. The defense, led by C. James of James & Associates, argued for leniency, but the severity of the incident and the defendant's attempt to evade responsibility led to a stringent sentencing. 

Alvarez was sentenced to three years of fixed-term imprisonment, followed by a year of probation. The court took into account the extensive harm caused and previous driving infractions, emphasizing the need for accountability and deterrence. Despite the judgment, Alvarez retains the right to appeal within the designated timeframe, a process which, if pursued, will further scrutinize the case details. 

The judgment reflects the courtâ€™s commitment to enforcing traffic laws and ensuring justice for victims, with all proceedings and records meticulously documented and preserved for public record.",,"Lakewood, Mayfield, Court",
